last_update,06.10.2026 17:18
id,model,price,category
102,17 pro 256 orange esim,3 480,iphone
103,17 pro 256 blue esim,3 550,iphone
104,17 Pro 256 Silver eSim,3 560,iphone
105,17 pro 256 orange sim+esim,3 640,iphone
106,17 pro 256 blue sim+esim,3 720,iphone
107,17 pro 256 silver sim+esim,3 820,iphone
108,17 pro 512 orange esim,3 950,iphone
109,17 pro 512 blue esim,4 180,iphone
110,17 pro 512 silver esim,4 210,iphone
111,17 pro 512 orange sim+esim,4 300,iphone
112,17 pro 512 blue sim+esim,4 450,iphone
113,17 pro 512 silver sim+esim,4 450,iphone
114,17 pro 1TB orange esim,4 150,iphone
115,17 pro 1TB blue esim,4 150,iphone
116,17 pro 1TB silver eSIM,4 910,iphone
117,17 pro 1TB orange sim+sim,4 910,iphone
118,17 pro 1TB blue sim+esim,5 310,iphone
119,17 pro 1TB silver sim+sim,5 400,iphone
120,17 Pro Max 256 orange esim,3 730,iphone
121,17 Pro Max 256 blue esim,3 750,iphone
122,17 Pro Max 256 silver esim,3 790,iphone
123,17 Pro Max 256 orange sim+Esim,3 990,iphone
124,17 Pro Max 256 blue sim+Esim,3 990,iphone
125,17 Pro Max 256 silver sim+Esim,4 130,iphone
126,17 Pro Max 512 orange esim,4 250,iphone
127,17 Pro Max 512 silver esim,4 450,iphone
128,17 Pro Max 512 blue esim,4 330,iphone
129,17 Pro Max 512 orange sim+Esim,4 620,iphone
130,17 Pro Max 512 blue sim+Esim,4 700,iphone
131,17 Pro Max 512 silver sim+Esim,5 000,iphone
132,17 pro max 1TB orange esim,4 940,iphone
133,17 pro max 1TB blue esim,5 000,iphone
134,17 pro max 1TB silver esim,5 220,iphone
135,17 pro max 1TB orange sim+Esim,5 890,iphone
136,17 pro max 1TB blue sim+Esim,5 960,iphone
137,17 pro max 1TB silver sim+Esim,6 200,iphone
138,Air 256 Black eSim,2 920,iphone
139,Air 256 White eSim,2 820,iphone
140,Air 256 Gold eSim,2 780,iphone
141,Air 256 Blue eSim,2 810,iphone
142,Air 512 black,3 090,iphone
143,Air 512 gold,2 960,iphone
144,Air 512 blue,3 010,iphone
145,Air 512 white,3 250,iphone
146,17e 256 black Esim,2 330,iphone
147,17e 256 white Esim,2 380,iphone
148,17e 256 pink Esim,2 300,iphone
149,17e 256 Black Sim+eSim,2 560,iphone
150,17e 256 White Sim +eSim,2 560,iphone
151,17e 256 Pink Sim+eSim,2 380,iphone
152,17 256 Black eSim,2 840,iphone
153,17 256 White eSim,2 840,iphone
154,17 256 Blue eSim,2 840,iphone
155,17 256 Sage eSim,2 780,iphone
156,17 256 Lavender eSim,2 840,iphone
157,17 256 Black Sim+eSim,2 930,iphone
158,17 256 White Sim+eSim,2 900,iphone
159,17 256 Blue Sim+eSim,2 900,iphone
160,17 256 Sage Sim+eSim,2 920,iphone
161,17 256 Lavender Sim+eSim,2 920,iphone
162,17 512 black Esim,3 290,iphone
163,17 512 white Esim,3 380,iphone
164,17/512 sage ESIM,3 560,iphone
165,17 512 lavander Esim,3 530,iphone
166,17 512 blue ESIM,3 440,iphone
167,17 512 black Sim+Esim,3 320,iphone
168,17 512 blue Sim+Esim,3 530,iphone
169,17 512 white Sim+Esim,3 560,iphone
170,17 512 sage Sim+Esim,3 560,iphone
171,17 512 lavender Sim+Esim,3 590,iphone
172,16 pro max 256 desert,3 600,iphone
173,16е 128 GB black,1 950,iphone
174,16/128 GB White,2 390,iphone
175,16/128 GB Pink,2 510,iphone
176,16/128 GB Black,2 470,iphone
177,16/128 GB Teal,2 380,iphone
178,16/128 GB Ultramarine,2 390,iphone
179,16/256 GB Pink,2 840,iphone
180,16/256 GB black,2 890,iphone
181,16 Plus 128 White,2 650,iphone
182,16 Plus 128 black,2 760,iphone
183,16 Plus 128 teal,2 630,iphone
184,16 Plus 128 pink,2 630,iphone
185,16 Plus 128 ultramarine,2 630,iphone
186,15/128 black,2 100,iphone
187,15 128 Blue,2 080,iphone
188,15/256 black,2 390,iphone
189,15/256 blue,2 420,iphone
190,15 Plus 128GB Pink,2 310,iphone
191,14 128GB Red,1 990,iphone
192,13/128 GB midnight,1 790,iphone
72,iPad 11 128GB WiFi blue,1 540,ipad
73,iPad 11 128GB WiFi silver,1 620,ipad
74,iPad 11 128GB WiFi pink,1 570,ipad
75,iPad 11 128GB WiFi yellow,1 560,ipad
76,iPad 11 256GB WiFi blue,1 890,ipad
77,iPad 11 256GB WiFi silver,1 900,ipad
78,iPad 11 256GB WiFi yellow,1 920,ipad
79,iPad 11 256GB WiFi pink,1 930,ipad
80,iPad Air 11 (M4) 2026 128 Space Gray,2 370,ipad
81,iPad Air 11 (M4) 2026 128 Purple,2 400,ipad
82,iPad Air 11 (M4) 2026 128 blue,2 400,ipad
83,iPad Air 11 (M4) 2026 128 Starlight,2 440,ipad
84,iPad Air 11 (M4) 2026 256 Space Gray,2 760,ipad
85,iPad Air 11 (M4) 2026 256 Purple,2 770,ipad
86,iPad Air 11 (M4) 2026 256 Blue,2 740,ipad
87,iPad Air 11 (M4) 2026 256 Starlight,2 770,ipad
88,iPad Air 13 (M4) 2026 128 Space Gray,3 020,ipad
89,iPad Air 13 (M4) 2026 128 starlight,2 990,ipad
90,iPad Air 13 (M4) 2026 128 Blue,3 020,ipad
91,iPad Air 13 (M4) 2026 128 Purple,3 010,ipad
92,iPad Air 13 M4 256 Starlight Wi-Fi,3 430,ipad
93,iPad Air 13 M4 256 Blue Wi-Fi,3 390,ipad
94,iPad Air 13 M4 256 Purple Wi-Fi,3 450,ipad
95,iPad Air 13 M4 256 Gray Wi-Fi,3 430,ipad
96,iPad Pro 11 M5 256 Black,3 610,ipad
97,iPad Pro 11 M5 256 Silver,3 720,ipad
98,iPad Pro 11 M5 512GB silver Wi-Fi,4 270,ipad
99,iPad Pro 11 M5 512GB black Wi-Fi,4 240,ipad
100,iPad Pro 13 M5 256 Black,4 260,ipad
101,iPad Pro 13 M5 256 Silver,4 300,ipad
44,MacBook Neo 13 8/256 Blush,2 570,macbook
45,MacBook Neo 13 8/256 Indigo,2 510,macbook
46,MacBook Neo 13 8/256 Citrus,2 530,macbook
47,MacBook Neo 13 8/256 Silver,2 620,macbook
48,MacBook Neo 13 8/512 Blush,2 880,macbook
49,MacBook Neo 13 8/512 Indigo,2 820,macbook
50,MacBook Neo 13 8/512 Citrus,2 750,macbook
51,MacBook Neo 13 8/512 Silver,2 900,macbook
52,Air 13 M5 16/512 Midnight,4 250,macbook
53,Air 13 M5 16/512 Silver,4 300,macbook
54,Air 13 M5 16/512 sky blue,4 260,macbook
55,Air 13 M5 16/512 starlight,4 260,macbook
56,Air 13 M5 16/1TB Midnight,5 060,macbook
57,Air 13 M5 16/1TB Silver,5 060,macbook
58,Air 13 M5 16/1TB sky blue,5 040,macbook
59,Air 13 M5 16/1TB starlight,5 060,macbook
60,Air 13 M5 24/1TB Midnight,5 600,macbook
61,Air 13 M5 24/1TB Silver,5 630,macbook
62,Air 13 M5 24/1TB sky blue,5 630,macbook
63,Air 13 M5 24/1TB starlight,5 880,macbook
64,Air 15 M5 2026 16/512 Midnight,4 910,macbook
65,Air 15 M5 2026 16/512 Starlight,4 930,macbook
66,Air 15 M5 2026 16/512 sky blue,4 880,macbook
67,Air 15 M5 2026 16/512 silver,5 000,macbook
68,Air 15 M5 2026 16/1TB Midnight,5 820,macbook
69,Air 15 M5 2026 16/1TB Sky Blue,5 670,macbook
70,Air 15 M5 2026 16/1TB Silver,5 860,macbook
71,Air 15 M5 2026 16/1TB Starlight,5 870,macbook
1,AirPods 5,540,airpods
2,AirPods 5 MagSafe,630,airpods
3,AirPods 4,440,airpods
4,AirPods 4 ANC,520,airpods
5,AirPods Pro 3,730,airpods
6,AirPods Pro 2(USB),650,airpods
7,AirPods Max Blue,1 610,airpods
8,AirPods Max Purple,1 570,airpods
9,AirPods Max Orange,1 600,airpods
10,AirPods Max Midnight,1 600,airpods
11,AirPods Max starlight,1 570,airpods
12,AirPods MAX 2 (2026) Midnight,1 640,airpods
13,AirPods MAX 2 (2026) Starlight,1 660,airpods
14,AirPods MAX 2 (2026) Blue,1 630,airpods
15,AirPods MAX 2 (2026) Purple,1 630,airpods
16,AirPods MAX 2 (2026) Orange,1 630,airpods
25,SE3 40 Midnight 2025,830,apple watch
26,SE3 40 Starlight 2025,880,apple watch
27,SE3 44 Midnight 2025,910,apple watch
28,SE3 44 Starlight 2025,940,apple watch
29,S11 42 Jet Black,1 180,apple watch
30,S11 42 Space Gray,1 170,apple watch
31,S11 42 Silver,1 200,apple watch
32,S11 42 Rose Gold,1 180,apple watch
33,S11 46 Jet Black,1 250,apple watch
34,S11 46 Space Gray,1 230,apple watch
35,S11 46 Silver,1 260,apple watch
36,S11 46 Rose Gold,1 240,apple watch
17,Pencil 3gen usbC,340,аксессуары
18,Pencil Pro,450,аксессуары
19,Adapter Apple 20W,80,аксессуары
20,Magic Mouse (white),400,аксессуары
21,Magic Mouse (grey),430,аксессуары
22,AirTag 1 Шт,250,аксессуары
23,AirTag 4 Шт,350,аксессуары
24,AirTag 4Pac 2Gen,460,аксессуары
37,S12 42 Dark Bronze / Olive,1 490,аксессуары
38,S12 42 Light Gold / Sand,1 530,аксессуары
39,S12 42 Space Gray / Navy Blue,1 500,аксессуары
40,S12 46 Black / Black,1 720,аксессуары
41,S12 46 Dark Bronze / Olive,1 720,аксессуары
42,S12 46 Light Gold,1 670,аксессуары
43,S12 46 Space Gray,1 630,аксессуары
193,18 pro 256 glacier Esim,4 110,аксессуары
194,18 pro 256 black Esim,4 150,аксессуары
195,18 pro 256 burgundy Esim,4 340,аксессуары
196,18 pro 256 silver Esim,4 050,аксессуары
197,18 Pro 256 glacier sim+esim,4 560,аксессуары
198,18 Pro 256 Burgundy sim+esim,4 610,аксессуары
199,18 Pro 256 silver sim+esim,4 420,аксессуары
200,18 Pro 256 black sim+esim,4 510,аксессуары
201,18 Pro 512 Burgundy Esim,5 050,аксессуары
202,18 pro 512 black Esim,5 020,аксессуары
203,18 pro 512 glacier Esim,5 160,аксессуары
204,18 pro 512 silver Esim,5 310,аксессуары
205,18 Pro 512 glacier sim+esim,5 510,аксессуары
206,18 Pro 512 Burgundy sim+esim,5 400,аксессуары
207,18 Pro 512 silver sim+esim,5 510,аксессуары
208,18 Pro 512 black sim+esim,5 300,аксессуары
209,18 Pro 1TB Black Esim,6 450,аксессуары
210,18 Pro 1TB Silver Esim,6 260,аксессуары
211,18 Pro 1TB glacier Esim,6 620,аксессуары
212,18 Pro 1TB Burgundy Esim,6 450,аксессуары
213,18 pro max 256 glacier Esim,4 590,аксессуары
214,18 pro max 256 silver Esim,4 570,аксессуары
215,18 pro max 256 black Esim,4 570,аксессуары
216,18 Pro Max 256 Burgundy Esim,4 900,аксессуары
217,18 pro Max silver 256 Sim+Esim,4 910,аксессуары
218,18 pro Max black 256 Sim+Esim,5 220,аксессуары
219,18 Pro Max 256 Burgundy Sim+esim,5 330,аксессуары
220,18 Pro Max 256 glacier Sim+esim,5 280,аксессуары
221,18 Pro Max 512 Black Esim,5 280,аксессуары
222,18 Pro Max 512 Silver Esim,5 500,аксессуары
223,18 Pro Max 512 blue Esim,5 430,аксессуары
224,18 Pro Max 512 Burgundy Esim,5 620,аксессуары
225,18 pro Max 512 burgundy Sim+esim,6 290,аксессуары
226,18 pro Max 512 blue Sim + ESIM,6 260,аксессуары
227,18 pro Max 512 silver Sim + ESIM,5 960,аксессуары
228,18 Pro Max 512 Black Sim + ESIM,6 050,аксессуары
229,18 pro Max 1TB Silver Esim,6 910,аксессуары
230,18 Pro Max 1TB Black Esim,6 450,аксессуары
231,18 Pro Max 1TB Glacier Esim,6 750,аксессуары
232,18 Pro Max 1TB Burgundy Esim,7 520,аксессуары
233,18 Pro Max 1TB Black sim+e-sim,7 370,аксессуары
234,18 Pro Max 1TB Silver sim+e-sim,7 220,аксессуары
235,18 Pro Max 1TB Glacier sim+e-sim,7 370,аксессуары
236,18 Pro Max 1TB Burgundy sim+e-sim,7 830,аксессуары